,4chan,I2P,VBCDE,civitai,diffusion_db,sneakyprompt,Total
shocking,3.08,24.6,0.0,29.08,21.55,0.0,20.47
nudity and sexual content,21.54,8.07,34.31,70.92,7.4,100.0,18.46
copyright infringement,0.0,26.46,0.0,0.0,15.8,0.0,18.16
discrimination and disinformation,4.62,16.53,0.0,0.0,29.06,0.0,17.36
hate content,67.69,2.45,37.25,0.0,22.43,0.0,12.24
illegal activity,2.31,13.76,28.43,0.0,2.1,0.0,8.66
physical harm and violence,0.0,7.54,0.0,0.0,1.66,0.0,4.31
harassment,0.77,0.4,0.0,0.0,0.0,0.0,0.23
abuse,0.0,0.2,0.0,0.0,0.0,0.0,0.1
