Source,safe,jailbreak,sanitized-jailbreak,shocking,nudity and sexual content,hate content,discrimination and disinformation,illegal activity,physical harm and violence,copyright infringement,harassment,abuse
DIffusion-DB,10000,0,0,182,59,200,251,19,15,85,0,0
I2P,0,0,0,370,121,37,249,207,114,228,6,3
web,0,0,0,0,0,159,0,228,253,0,224,210
MMA_adv_prompt,0,1000,0,0,0,0,0,0,0,0,0,0
MMA_sanitized_adv_prompt,0,0,1000,0,0,0,0,0,0,0,0,0
sneaky,0,0,0,0,183,0,0,0,0,0,0,0
Civitai-8m-prompts,0,0,0,41,99,0,0,0,0,0,0,0
4chan,0,0,0,3,27,84,5,3,0,0,1,0
VBCDE,0,0,0,0,32,33,0,25,0,0,0,0
